frame,num_points,centroid_x,centroid_y,centroid_z,axis1,axis2,axis3,obb_dx,obb_dy,obb_dz,obb_volume
frame_0005_overlay_go1_uncertainty_clean.ply,59,8.913929,0.3175032,-1.2171443,3.4969888,2.12832,0.3657268,5.944881,3.618144,0.6217356,13.373181343078613
frame_0006_overlay_go1_uncertainty_clean.ply,47,8.727905,-0.047931418,-1.2328576,3.473091,1.9027001,0.3017812,5.9042544,3.2345903,0.5130281,9.7977294921875
frame_0007_overlay_go1_uncertainty_clean.ply,64,8.457844,-0.006857004,-1.2445445,3.8071704,2.2907386,0.32376027,6.47219,3.8942556,0.55039245,13.87229061126709
frame_0008_overlay_go1_uncertainty_clean.ply,58,8.325384,-0.122698374,-1.2157353,4.218257,2.0176947,0.3323418,7.171037,3.4300811,0.56498104,13.896973609924316
frame_0009_overlay_go1_uncertainty_clean.ply,50,8.874218,0.0595333,-1.274911,3.6836038,2.0557308,0.22233382,6.2621264,3.4947424,0.3779675,8.271636962890625
frame_0010_overlay_go1_uncertainty_clean.ply,55,8.922884,-0.12132219,-1.2325746,3.940149,2.1669612,0.39959788,6.6982536,3.683834,0.6793164,16.762306213378906
frame_0011_overlay_go1_uncertainty_clean.ply,54,8.848619,-0.071677625,-1.2396878,3.5135,2.463716,0.3109493,5.97295,4.1883173,0.5286138,13.224124908447266
frame_0012_overlay_go1_uncertainty_clean.ply,60,8.706013,0.13138142,-1.2468702,4.0502205,1.9785647,0.28059226,6.885375,3.3635602,0.47700685,11.04718017578125
frame_0013_overlay_go1_uncertainty_clean.ply,66,9.0106325,-0.07201289,-1.2185239,4.372138,2.5369983,0.3680057,7.432635,4.312897,0.6256097,20.054662704467773
frame_0014_overlay_go1_uncertainty_clean.ply,81,9.487585,-0.56450105,-1.167623,4.476764,2.5024376,0.28368747,7.6104994,4.254144,0.48226872,15.61401081085205
frame_0015_overlay_go1_uncertainty_clean.ply,86,9.468075,-0.34781617,-1.1590186,4.4357953,2.4179122,0.36150408,7.540852,4.1104507,0.61455697,19.048994064331055
frame_0019_overlay_go1_uncertainty_clean.ply,74,9.01277,-0.2964568,-1.2200031,3.9691703,2.5651793,0.32620966,6.7475896,4.360805,0.5545564,16.317779541015625
frame_0024_overlay_go1_uncertainty_clean.ply,33,11.38403,-1.6110951,-0.9455071,0.21381758,0.1817728,0.11573274,0.3634899,0.30901375,0.19674566,0.02209913730621338
frame_0027_overlay_go1_uncertainty_clean.ply,32,11.256921,-1.582345,-0.95110226,0.18019328,0.16751741,0.12955359,0.30632856,0.2847796,0.2202411,0.019212981685996056
frame_0030_overlay_go1_uncertainty_clean.ply,32,11.10191,-1.5432484,-0.9321591,0.22943579,0.1415696,0.08952304,0.39004084,0.24066833,0.15218917,0.014286069199442863
frame_0031_overlay_go1_uncertainty_clean.ply,30,10.977942,-1.4900095,-0.9515429,0.22702193,0.12768249,0.10012985,0.3859373,0.21706024,0.17022075,0.014259671792387962
frame_0032_overlay_go1_uncertainty_clean.ply,36,10.921191,-1.4875746,-0.9734658,0.202348,0.17863874,0.12482263,0.3439916,0.30368587,0.21219848,0.022167397662997246
frame_0034_overlay_go1_uncertainty_clean.ply,36,10.8027,-1.4383751,-0.9645221,0.21107548,0.14984354,0.13937804,0.35882834,0.25473404,0.23694268,0.02165793441236019
frame_0036_overlay_go1_uncertainty_clean.ply,36,10.619353,-1.3988086,-0.98836434,0.2179431,0.16860867,0.12131753,0.37050328,0.28663474,0.2062398,0.021902482956647873
frame_0038_overlay_go1_uncertainty_clean.ply,41,10.449041,-1.3269378,-0.99164945,0.21971935,0.1614657,0.13581511,0.3735229,0.2744917,0.2308857,0.02367246523499489
frame_0039_overlay_go1_uncertainty_clean.ply,48,10.405623,-1.3179636,-1.0086263,0.23048346,0.17091624,0.14691252,0.3918219,0.29055762,0.24975128,0.02843339368700981
frame_0040_overlay_go1_uncertainty_clean.ply,85,9.5701275,-0.8307978,-1.1356356,3.9046755,2.0064323,0.26430896,6.6379485,3.410935,0.44932523,10.173447608947754
frame_0041_overlay_go1_uncertainty_clean.ply,45,10.289725,-1.2806506,-1.0039774,0.22153033,0.16914614,0.14353615,0.37660158,0.28754845,0.24401146,0.026424294337630272
frame_0043_overlay_go1_uncertainty_clean.ply,46,10.122165,-1.214775,-1.0067239,0.21310174,0.16460738,0.1388022,0.36227298,0.27983254,0.23596375,0.023921005427837372
frame_0044_overlay_go1_uncertainty_clean.ply,48,10.092559,-1.2260569,-1.0056797,0.23997205,0.1687586,0.11714249,0.40795252,0.28688964,0.19914225,0.023307081311941147
frame_0045_overlay_go1_uncertainty_clean.ply,56,10.172142,-1.2436656,-1.0295712,0.23419735,0.2034815,0.15251116,0.3981355,0.34591857,0.259269,0.03570716455578804
frame_0047_overlay_go1_uncertainty_clean.ply,42,10.046985,-1.1999159,-1.0242239,0.19066076,0.16969886,0.14940467,0.3241233,0.2884881,0.25398797,0.023749325424432755
frame_0049_overlay_go1_uncertainty_clean.ply,94,9.441544,-0.4116284,-1.1902397,2.7006376,1.9876404,0.29302898,4.591084,3.3789887,0.49814928,7.727899551391602
frame_0051_overlay_go1_uncertainty_clean.ply,37,10.008409,-1.1278099,-1.0120561,0.24254969,0.14736275,0.12301429,0.41233447,0.25051668,0.20912431,0.0216018445789814
frame_0053_overlay_go1_uncertainty_clean.ply,39,9.823159,-1.0828121,-1.0424932,0.1909368,0.16675606,0.09610068,0.3245926,0.28348532,0.16337116,0.015032961964607239
frame_0054_overlay_go1_uncertainty_clean.ply,44,9.788415,-1.0580559,-1.0326835,0.21459791,0.15464507,0.1378255,0.36481646,0.26289663,0.23430337,0.022471806034445763
frame_0055_overlay_go1_uncertainty_clean.ply,56,9.759743,-1.061484,-1.0681145,0.23079535,0.20491219,0.149151,0.3923521,0.34835073,0.2535567,0.03465515375137329
frame_0056_overlay_go1_uncertainty_clean.ply,56,9.69272,-1.0493268,-1.0551623,0.23365447,0.18583946,0.1317517,0.3972126,0.3159271,0.2239779,0.028107034042477608
frame_0057_overlay_go1_uncertainty_clean.ply,54,9.638409,-1.0428487,-1.0569354,0.23007913,0.18906298,0.113358736,0.39113453,0.32140708,0.19270986,0.02422621287405491
frame_0058_overlay_go1_uncertainty_clean.ply,55,9.586226,-1.0254129,-1.0425948,0.2445236,0.1837583,0.108368,0.41569012,0.31238914,0.1842256,0.02392299845814705
frame_0059_overlay_go1_uncertainty_clean.ply,51,9.53266,-0.9818702,-1.0524275,0.21980119,0.17732869,0.1535775,0.37366202,0.30145878,0.26108176,0.029409214854240417
frame_0060_overlay_go1_uncertainty_clean.ply,56,9.480176,-0.9705488,-1.0576447,0.2258019,0.18753983,0.13075195,0.38386324,0.31881773,0.22227833,0.02720295637845993
frame_0061_overlay_go1_uncertainty_clean.ply,37,9.901792,-1.0846075,-1.0282482,0.21960825,0.15565147,0.12905411,0.37333402,0.2646075,0.219392,0.02167307399213314
frame_0062_overlay_go1_uncertainty_clean.ply,46,9.41261,-0.944404,-1.0716709,0.21762182,0.18548295,0.11808966,0.3699571,0.31532103,0.20075242,0.02341882511973381
frame_0063_overlay_go1_uncertainty_clean.ply,55,9.372,-0.9291674,-1.0781916,0.21430366,0.19578664,0.1364612,0.36431623,0.33283728,0.23198405,0.028129925951361656
frame_0064_overlay_go1_uncertainty_clean.ply,52,9.270626,-0.8743899,-1.0840306,0.19319734,0.17469983,0.14811969,0.32843548,0.2969897,0.2518035,0.024561405181884766
frame_0065_overlay_go1_uncertainty_clean.ply,57,9.235342,-0.8615912,-1.0828663,0.20360048,0.19112664,0.14224115,0.34612083,0.32491532,0.24180996,0.027193939313292503
frame_0066_overlay_go1_uncertainty_clean.ply,71,9.255746,-0.88268465,-1.058837,0.3255023,0.15192026,0.12854049,0.55335397,0.25826445,0.21851884,0.031228888779878616
frame_0067_overlay_go1_uncertainty_clean.ply,63,9.187862,-0.8547967,-1.0702488,0.25643796,0.1816492,0.12018136,0.43594453,0.30880365,0.20430832,0.027504242956638336
frame_0068_overlay_go1_uncertainty_clean.ply,103,8.813654,-0.50693256,-1.1957854,3.0001595,1.7937206,0.29873198,5.100271,3.0493252,0.5078444,7.898191452026367
frame_0069_overlay_go1_uncertainty_clean.ply,51,9.1299305,-0.82890314,-1.0825031,0.20312284,0.17691588,0.14737478,0.34530884,0.30075702,0.25053713,0.026019297540187836
frame_0070_overlay_go1_uncertainty_clean.ply,51,9.114223,-0.8308992,-1.0835162,0.23477209,0.17914262,0.14747226,0.39911255,0.30454248,0.25070286,0.03047211281955242
frame_0071_overlay_go1_uncertainty_clean.ply,45,9.098238,-0.8247663,-1.0744843,0.21242823,0.17731987,0.121261396,0.361128,0.3014438,0.20614438,0.02244083397090435
frame_0073_overlay_go1_uncertainty_clean.ply,58,9.108061,-0.8339036,-1.0759387,0.21413788,0.1743394,0.13081184,0.3640344,0.29637697,0.22238013,0.023992907255887985
frame_0074_overlay_go1_uncertainty_clean.ply,102,8.9750185,-0.45561787,-1.1902647,2.6047592,1.6199107,0.2769454,4.4280906,2.7538483,0.47080722,5.741159915924072
frame_0077_overlay_go1_uncertainty_clean.ply,78,8.746214,-0.12560467,-1.2452937,2.8918612,2.0865033,0.3190926,4.9161644,3.5470557,0.54245746,9.459322929382324
frame_0078_overlay_go1_uncertainty_clean.ply,52,8.967794,-0.7437366,-1.0913619,0.22194523,0.17785956,0.12687868,0.3773069,0.30236125,0.21569376,0.024606989696621895
frame_0080_overlay_go1_uncertainty_clean.ply,48,8.884961,-0.74236745,-1.0921849,0.20960481,0.19220546,0.11046359,0.3563282,0.3267493,0.18778811,0.021864166483283043
frame_0081_overlay_go1_uncertainty_clean.ply,68,8.927726,-0.7562014,-1.1049111,0.29903954,0.193375,0.14165245,0.50836724,0.32873753,0.24080917,0.040243878960609436
frame_0082_overlay_go1_uncertainty_clean.ply,59,8.87174,-0.7223275,-1.1022295,0.20211607,0.17977674,0.14725631,0.34359732,0.30562046,0.25033575,0.026287851855158806
frame_0083_overlay_go1_uncertainty_clean.ply,48,8.865603,-0.69116133,-1.103248,0.1985492,0.19121188,0.15138894,0.33753365,0.32506022,0.2573612,0.028237352147698402
frame_0084_overlay_go1_uncertainty_clean.ply,46,9.178426,-0.8533137,-1.0701016,0.3157202,0.18014391,0.093027994,0.5367243,0.30624464,0.15814759,0.025994552299380302
frame_0085_overlay_go1_uncertainty_clean.ply,99,8.837288,-0.19810703,-1.214882,2.524292,1.8920016,0.337691,4.2912965,3.2164028,0.57407475,7.9236884117126465
frame_0086_overlay_go1_uncertainty_clean.ply,83,8.513706,-0.12234241,-1.2084224,3.3189645,2.0568762,0.3018248,5.6422396,3.4966896,0.5131022,10.123075485229492
frame_0087_overlay_go1_uncertainty_clean.ply,100,8.380511,-0.25656378,-1.2459652,3.692865,1.8907065,0.2870301,6.2778707,3.2142012,0.4879512,9.846044540405273
frame_0088_overlay_go1_uncertainty_clean.ply,65,8.716548,-0.22012088,-1.2172962,3.1773908,1.6416175,0.2871774,5.4015646,2.7907498,0.48820162,7.359354019165039
frame_0089_overlay_go1_uncertainty_clean.ply,64,8.888729,-0.70715386,-1.1019379,0.22438283,0.19145314,0.15452567,0.38145083,0.32547036,0.26269364,0.032613661140203476
frame_0090_overlay_go1_uncertainty_clean.ply,78,8.974128,-0.12739989,-1.2301383,2.7967763,1.6818593,0.30744264,4.75452,2.859161,0.5226525,7.104905605316162
frame_0091_overlay_go1_uncertainty_clean.ply,111,8.713452,-0.308683,-1.2105786,2.8478317,1.6602362,0.2916548,4.841314,2.8224018,0.49581316,6.774857044219971
frame_0092_overlay_go1_uncertainty_clean.ply,36,9.006829,-0.70216775,-1.0626004,0.23070945,0.163216,0.14925493,0.39220607,0.2774672,0.2537334,0.027612363919615746
frame_0095_overlay_go1_uncertainty_clean.ply,98,8.55973,-0.26999328,-1.22212,3.2126505,1.8657092,0.31315014,5.461506,3.1717057,0.53235525,9.221611976623535
frame_0096_overlay_go1_uncertainty_clean.ply,86,8.804611,-0.16318367,-1.2441674,3.1742501,1.698444,0.2638224,5.3962255,2.8873549,0.4484981,6.987967491149902
frame_0097_overlay_go1_uncertainty_clean.ply,71,8.86308,-0.122028366,-1.2376907,3.3239954,1.8252815,0.2414847,5.650792,3.1029787,0.410524,7.198246479034424
frame_0098_overlay_go1_uncertainty_clean.ply,78,8.53624,-0.32521904,-1.2057365,3.676925,1.7497458,0.32607773,6.2507725,2.9745681,0.55433214,10.306891441345215
frame_0099_overlay_go1_uncertainty_clean.ply,80,8.626146,-0.25400442,-1.2193265,3.5862,1.5979273,0.32722187,6.09654,2.7164764,0.5562772,9.212566375732422
frame_0100_overlay_go1_uncertainty_clean.ply,73,8.563425,-0.10120728,-1.2092255,3.4489717,1.9141345,0.33776298,5.863252,3.2540288,0.5741971,10.955216407775879
frame_0101_overlay_go1_uncertainty_clean.ply,84,8.819479,0.035975963,-1.2699156,3.3536015,1.8455756,0.2929411,5.7011228,3.1374786,0.49799988,8.907798767089844
frame_0102_overlay_go1_uncertainty_clean.ply,83,8.710517,-0.1921934,-1.214854,2.678169,1.7856866,0.29571694,4.5528874,3.0356674,0.5027188,6.9481024742126465
frame_0104_overlay_go1_uncertainty_clean.ply,97,8.647057,-0.3459586,-1.1795126,2.8323817,1.4987298,0.3091448,4.815049,2.5478408,0.5255462,6.447389602661133
frame_0106_overlay_go1_uncertainty_clean.ply,52,9.023244,-0.702762,-1.0934384,0.39241236,0.16017488,0.10420352,0.667101,0.2722973,0.17714599,0.03217853233218193
frame_0107_overlay_go1_uncertainty_clean.ply,71,9.038833,-0.687482,-1.1172049,0.39106452,0.18953644,0.120535076,0.6648097,0.32221195,0.20490964,0.043893616646528244
frame_0108_overlay_go1_uncertainty_clean.ply,74,9.05227,-0.68829364,-1.1165034,0.36945367,0.2031382,0.115668185,0.62807125,0.34533495,0.19663592,0.04264933988451958
frame_0109_overlay_go1_uncertainty_clean.ply,84,9.0524025,-0.70861775,-1.119092,0.36608332,0.1886354,0.1413102,0.6223417,0.32068017,0.24022734,0.04794280603528023
frame_0110_overlay_go1_uncertainty_clean.ply,84,9.041105,-0.7143754,-1.1225607,0.3915844,0.19956712,0.12087763,0.6656935,0.33926412,0.20549197,0.046409524977207184
frame_0111_overlay_go1_uncertainty_clean.ply,76,8.940719,-0.20974727,-1.2346169,2.62985,1.6216695,0.2721935,4.470745,2.7568383,0.46272895,5.703190326690674
frame_0113_overlay_go1_uncertainty_clean.ply,104,8.878318,-0.18608055,-1.2132832,2.5547931,1.7483363,0.2808974,4.343148,2.9721718,0.47752562,6.164178848266602
frame_0114_overlay_go1_uncertainty_clean.ply,74,8.785642,-0.242511,-1.2699087,2.972612,1.6332304,0.22057253,5.0534406,2.7764919,0.37497333,5.2611894607543945
frame_0115_overlay_go1_uncertainty_clean.ply,74,9.105949,0.0728191,-1.2517259,2.6366603,1.9009494,0.30964357,4.4823227,3.231614,0.52639407,7.624890327453613
frame_0116_overlay_go1_uncertainty_clean.ply,87,9.035754,-0.6858021,-1.106692,0.35902578,0.19690284,0.0971269,0.6103438,0.33473483,0.16511574,0.03373369574546814
frame_0117_overlay_go1_uncertainty_clean.ply,64,8.804243,-0.047097996,-1.245361,3.0220947,1.9773492,0.25393876,5.1375613,3.3614936,0.4316959,7.455336570739746
frame_0118_overlay_go1_uncertainty_clean.ply,101,8.693349,-0.34871227,-1.231026,3.2047355,1.5971678,0.29901743,5.4480505,2.7151854,0.50832963,7.519449234008789
frame_0119_overlay_go1_uncertainty_clean.ply,89,8.6060915,-0.2907753,-1.2389553,3.0428145,1.7868506,0.28872874,5.172785,3.037646,0.4908389,7.712594985961914
frame_0120_overlay_go1_uncertainty_clean.ply,81,8.915124,-0.06262741,-1.2520181,3.5839863,1.6796874,0.24984041,6.092777,2.8554685,0.4247287,7.389316082000732
frame_0121_overlay_go1_uncertainty_clean.ply,67,8.695655,-0.17527753,-1.2602514,3.0516663,1.6191179,0.21660475,5.187833,2.7525005,0.36822808,5.258117198944092
frame_0122_overlay_go1_uncertainty_clean.ply,83,8.51481,-0.33387038,-1.2151507,3.0042183,1.819592,0.30704376,5.1071715,3.0933065,0.5219744,8.246175765991211
frame_0123_overlay_go1_uncertainty_clean.ply,75,8.865015,-0.38750365,-1.2170352,2.5978825,1.6475134,0.27868244,4.4164004,2.800773,0.47376016,5.860097885131836
frame_0124_overlay_go1_uncertainty_clean.ply,107,8.808762,-0.2107455,-1.2084154,2.58683,1.7857885,0.28293526,4.397611,3.0358405,0.48098996,6.421430587768555
frame_0125_overlay_go1_uncertainty_clean.ply,74,8.918841,-0.24915604,-1.2387743,2.9249153,1.48071,0.24765764,4.9723563,2.5172071,0.421018,5.269650936126709
frame_0126_overlay_go1_uncertainty_clean.ply,57,9.263451,-0.18741925,-1.2482225,1.7008016,1.4058084,0.20673718,2.891363,2.3898745,0.3514532,2.428539752960205
frame_0127_overlay_go1_uncertainty_clean.ply,86,8.949329,-0.10644105,-1.2395233,2.7584093,1.5850924,0.32486728,4.689296,2.694657,0.5522744,6.9785637855529785
frame_0129_overlay_go1_uncertainty_clean.ply,67,8.871661,-0.7858233,-1.1233739,0.32354283,0.1815492,0.08024274,0.55002284,0.30863366,0.13641267,0.02315680868923664
frame_0130_overlay_go1_uncertainty_clean.ply,71,8.832366,-0.83597046,-1.0986332,0.29744703,0.19200061,0.09154431,0.50565994,0.32640105,0.15562533,0.025685640051960945
frame_0131_overlay_go1_uncertainty_clean.ply,89,8.817987,-0.8346765,-1.1256633,0.3695274,0.17353797,0.12405377,0.6281966,0.29501456,0.21089141,0.039083901792764664
frame_0132_overlay_go1_uncertainty_clean.ply,72,8.717583,-0.9180691,-1.1077602,0.26565453,0.16518861,0.088350944,0.4516127,0.28082064,0.15019661,0.019048260524868965
frame_0133_overlay_go1_uncertainty_clean.ply,91,8.6823635,-0.96711737,-1.1148953,0.23562801,0.19076107,0.1258451,0.40056762,0.32429382,0.21393669,0.027790717780590057
frame_0134_overlay_go1_uncertainty_clean.ply,93,8.626921,-0.9905274,-1.1183445,0.28705195,0.20145334,0.082400985,0.48798832,0.3424707,0.14008167,0.02341068908572197
frame_0135_overlay_go1_uncertainty_clean.ply,52,9.008778,-0.7575614,-1.0639974,0.30933127,0.15414792,0.086748876,0.5258632,0.26205146,0.1474731,0.020322266966104507
frame_0136_overlay_go1_uncertainty_clean.ply,85,8.543316,-1.0600686,-1.1396849,0.21808213,0.2039245,0.11677027,0.37073964,0.34667167,0.19850945,0.025513414293527603
frame_0138_overlay_go1_uncertainty_clean.ply,87,8.485916,-1.0984051,-1.1348397,0.22235061,0.21520366,0.13463834,0.37799606,0.36584622,0.22888519,0.03165217116475105
frame_0139_overlay_go1_uncertainty_clean.ply,56,8.485959,-1.1368626,-1.1364512,0.22681952,0.173923,0.1418083,0.38559318,0.2956691,0.24107412,0.02748437412083149
frame_0140_overlay_go1_uncertainty_clean.ply,121,8.536193,-1.0282459,-1.1364615,0.32781777,0.20736946,0.10644489,0.5572902,0.3525281,0.18095632,0.035550761967897415
frame_0141_overlay_go1_uncertainty_clean.ply,97,8.818068,-0.37105545,-1.2318305,2.5871062,1.6579984,0.32386857,4.398081,2.8185973,0.55057657,6.8251776695251465
frame_0142_overlay_go1_uncertainty_clean.ply,80,8.818864,-0.29105484,-1.2621484,2.5772016,1.6538771,0.23970231,4.3812428,2.8115911,0.40749395,5.019617557525635
frame_0143_overlay_go1_uncertainty_clean.ply,91,8.478135,-0.3314932,-1.2289681,2.7065132,2.0858097,0.28889567,4.6010723,3.5458765,0.49112263,8.012584686279297
frame_0144_overlay_go1_uncertainty_clean.ply,91,8.290203,-0.6869866,-1.2261902,3.2312055,1.3442112,0.22832124,5.4930496,2.285159,0.38814613,4.872201442718506
frame_0146_overlay_go1_uncertainty_clean.ply,102,8.670967,-0.27711752,-1.2115978,2.304024,1.8925359,0.29649255,3.9168408,3.2173111,0.5040373,6.351724624633789
frame_0149_overlay_go1_uncertainty_clean.ply,78,8.759188,-0.8867241,-1.1613458,0.40698332,0.19168061,0.14917457,0.69187164,0.32585704,0.25359678,0.0571737103164196
frame_0150_overlay_go1_uncertainty_clean.ply,85,8.802979,-0.37960488,-1.2092439,3.0388901,1.7986612,0.27933556,5.1661134,3.0577242,0.47487047,7.501315116882324
frame_0151_overlay_go1_uncertainty_clean.ply,93,8.72906,-0.926806,-1.1331074,0.3403055,0.18887128,0.12649566,0.5785194,0.3210812,0.21504262,0.03994453325867653
frame_0152_overlay_go1_uncertainty_clean.ply,79,8.702188,-0.96101767,-1.1243112,0.31478226,0.18449466,0.12277853,0.53512985,0.31364092,0.2087235,0.03503186255693436
frame_0153_overlay_go1_uncertainty_clean.ply,42,8.681606,-0.9929361,-1.1229064,0.22403447,0.2045695,0.09371044,0.38085863,0.34776816,0.15930775,0.021100392565131187
frame_0155_overlay_go1_uncertainty_clean.ply,92,8.715537,-0.9646633,-1.1198808,0.29966688,0.19031067,0.11814571,0.5094337,0.32352814,0.20084772,0.033102940768003464
frame_0156_overlay_go1_uncertainty_clean.ply,70,8.5907,-0.95026964,-1.1120661,0.30731165,0.19749592,0.07217573,0.5224298,0.33574307,0.12269874,0.02152162790298462
frame_0157_overlay_go1_uncertainty_clean.ply,101,8.640793,-0.37990302,-1.2220577,3.1501276,1.5451324,0.27421597,5.355217,2.6267252,0.46616715,6.5574259757995605
frame_0159_overlay_go1_uncertainty_clean.ply,35,8.779068,-0.73549813,-1.1553388,0.24543016,0.162111,0.11118031,0.4172313,0.27558872,0.18900654,0.021732771769165993
frame_0163_overlay_go1_uncertainty_clean.ply,85,8.618511,-0.1860049,-1.2245882,3.0348785,1.753636,0.33339018,5.1592937,2.9811814,0.56676334,8.717267990112305
frame_0165_overlay_go1_uncertainty_clean.ply,126,8.701057,-0.41290525,-1.230409,2.3776355,1.7067518,0.31060636,4.0419803,2.9014783,0.5280308,6.192596435546875
frame_0166_overlay_go1_uncertainty_clean.ply,122,8.582647,-0.50673544,-1.2095536,2.9387045,1.5041571,0.28462356,4.9957976,2.5570672,0.48386008,6.181114196777344
frame_0172_overlay_go1_uncertainty_clean.ply,41,8.671711,-0.6546461,-1.1899251,0.21360414,0.18591242,0.14121754,0.36312705,0.31605113,0.24006984,0.027552027255296707
frame_0173_overlay_go1_uncertainty_clean.ply,31,8.629284,-0.66977584,-1.1917953,0.2272716,0.14039768,0.11627476,0.38636175,0.23867607,0.19766709,0.01822793111205101
frame_0174_overlay_go1_uncertainty_clean.ply,114,8.487921,-0.4130769,-1.2125975,2.8368638,1.5095776,0.2984427,4.8226686,2.566282,0.5073526,6.2791619300842285
frame_0175_overlay_go1_uncertainty_clean.ply,68,8.705611,-0.8392781,-1.1742563,0.4068118,0.18648681,0.15966153,0.69158006,0.3170276,0.27142462,0.05950983986258507
frame_0178_overlay_go1_uncertainty_clean.ply,37,8.55766,-0.8232587,-1.1821502,0.20953012,0.18780929,0.12934583,0.3562012,0.3192758,0.21988793,0.025007067248225212
frame_0179_overlay_go1_uncertainty_clean.ply,35,8.547971,-0.8212222,-1.1631671,0.21583462,0.16650376,0.122520246,0.36691886,0.2830564,0.20828442,0.021632155403494835
frame_0180_overlay_go1_uncertainty_clean.ply,38,8.533704,-0.8336048,-1.1301886,0.22972673,0.17409179,0.099086076,0.39053544,0.29595605,0.16844633,0.0194692499935627
frame_0181_overlay_go1_uncertainty_clean.ply,33,8.491014,-0.8351019,-1.1584753,0.21869093,0.13877939,0.07760295,0.37177458,0.23592496,0.13192502,0.011571262031793594
frame_0182_overlay_go1_uncertainty_clean.ply,45,8.499417,-0.8109036,-1.1622721,0.22179128,0.19132651,0.10558784,0.37704518,0.3252551,0.17949933,0.02201305702328682
frame_0183_overlay_go1_uncertainty_clean.ply,43,8.510372,-0.8090626,-1.161237,0.23527518,0.19401202,0.14549062,0.39996782,0.32982042,0.24733405,0.03262770175933838
frame_0185_overlay_go1_uncertainty_clean.ply,86,8.669427,-0.21829079,-1.2713798,3.1990576,1.6359155,0.20769276,5.438398,2.7810564,0.3530777,5.340120792388916
frame_0186_overlay_go1_uncertainty_clean.ply,78,8.054122,-0.377315,-1.2338121,3.7513547,1.7461334,0.30375552,6.377303,2.968427,0.5163844,9.775445938110352
frame_0187_overlay_go1_uncertainty_clean.ply,66,8.531677,-0.14205606,-1.2139087,3.5949168,1.8616917,0.32825243,6.1113586,3.164876,0.5580292,10.793228149414062
frame_0188_overlay_go1_uncertainty_clean.ply,82,8.637111,-0.25515902,-1.2404174,3.2394881,1.516562,0.24526517,5.50713,2.5781555,0.4169508,5.919966697692871
frame_0189_overlay_go1_uncertainty_clean.ply,85,8.6679125,-0.254009,-1.2391526,3.0095222,1.6134584,0.27808666,5.116188,2.7428794,0.47274733,6.634104251861572
frame_0190_overlay_go1_uncertainty_clean.ply,75,8.440129,-0.31138235,-1.2310499,3.2965553,1.6723782,0.3192216,5.604144,2.843043,0.5426767,8.646371841430664
frame_0191_overlay_go1_uncertainty_clean.ply,70,8.701494,-0.34235692,-1.2285622,3.1540573,1.6278828,0.30500403,5.3618975,2.767401,0.5185069,7.693874835968018
frame_0193_overlay_go1_uncertainty_clean.ply,49,8.663878,-0.8757096,-1.114343,0.27018994,0.18965451,0.10933936,0.4593229,0.32241267,0.1858769,0.027526794001460075
frame_0194_overlay_go1_uncertainty_clean.ply,45,8.652243,-0.8351061,-1.129677,0.26093727,0.1804886,0.096873246,0.44359338,0.30683064,0.16468452,0.022414887323975563
frame_0195_overlay_go1_uncertainty_clean.ply,55,8.723189,-0.8541559,-1.120816,0.31131625,0.16535139,0.113899365,0.5292376,0.28109738,0.19362892,0.028805652633309364
frame_0196_overlay_go1_uncertainty_clean.ply,68,8.798408,-0.8710868,-1.1123636,0.3063035,0.16980018,0.12588379,0.52071595,0.28866032,0.21400245,0.03216671571135521
frame_0197_overlay_go1_uncertainty_clean.ply,71,8.8669815,-0.883334,-1.1064962,0.29161265,0.16574223,0.14987957,0.49574152,0.2817618,0.25479528,0.03559006750583649
frame_0198_overlay_go1_uncertainty_clean.ply,74,8.934341,-0.88777316,-1.1066761,0.32467547,0.18133597,0.13737732,0.5519483,0.30827117,0.23354146,0.039737019687891006
frame_0199_overlay_go1_uncertainty_clean.ply,57,9.004609,-0.90187776,-1.0824882,0.30264392,0.15915294,0.13670565,0.51449466,0.27056,0.23239961,0.032350413501262665
frame_0200_overlay_go1_uncertainty_clean.ply,62,9.082603,-0.9194179,-1.0991182,0.2711172,0.18483298,0.16006242,0.46089926,0.31421608,0.2721061,0.03940694034099579
frame_0201_overlay_go1_uncertainty_clean.ply,43,9.163564,-0.9452266,-1.0439954,0.2533288,0.13547643,0.09786855,0.43065897,0.23030993,0.16637653,0.01650206185877323
frame_0202_overlay_go1_uncertainty_clean.ply,53,9.146803,-0.94546795,-1.0610092,0.29364592,0.15582688,0.099810585,0.49919808,0.2649057,0.169678,0.0224382895976305
frame_0203_overlay_go1_uncertainty_clean.ply,51,9.081784,-0.92021036,-1.0772448,0.28847736,0.16435914,0.102335416,0.49041152,0.27941054,0.17397021,0.02383846789598465
frame_0204_overlay_go1_uncertainty_clean.ply,75,8.702867,-0.26319033,-1.2210135,2.9453168,1.8464735,0.30512407,5.0070386,3.139005,0.5187109,8.152641296386719
frame_0205_overlay_go1_uncertainty_clean.ply,35,8.874301,-0.8794536,-1.1456198,0.20882215,0.18440895,0.084566385,0.35499766,0.31349522,0.14376286,0.015999378636479378
frame_0206_overlay_go1_uncertainty_clean.ply,73,8.869329,-0.90215605,-1.1318331,0.3236342,0.16551884,0.14871316,0.5501782,0.28138202,0.2528124,0.03913794830441475
frame_0207_overlay_go1_uncertainty_clean.ply,97,8.766373,-0.24428695,-1.1798584,2.9213789,2.1489482,0.32629618,4.9663444,3.653212,0.55470353,10.064045906066895
frame_0208_overlay_go1_uncertainty_clean.ply,68,8.76434,-0.8931713,-1.1348598,0.3061161,0.17630376,0.13221012,0.52039737,0.2997164,0.22475721,0.035055749118328094
frame_0209_overlay_go1_uncertainty_clean.ply,75,8.68048,-0.8798719,-1.1469476,0.302094,0.17410238,0.1193384,0.5135598,0.29597405,0.20287529,0.03083712048828602
frame_0210_overlay_go1_uncertainty_clean.ply,79,8.5153885,-0.8718344,-1.1453667,0.3034181,0.17441882,0.12943289,0.5158108,0.296512,0.22003591,0.03365319222211838
frame_0211_overlay_go1_uncertainty_clean.ply,76,8.481662,-0.8626218,-1.1392943,0.29697192,0.17090811,0.12967582,0.5048523,0.2905438,0.2204489,0.03233581781387329
frame_0212_overlay_go1_uncertainty_clean.ply,84,8.464286,-0.85752195,-1.1429878,0.3055951,0.18143354,0.14545025,0.5195117,0.30843702,0.24726543,0.039620980620384216
frame_0213_overlay_go1_uncertainty_clean.ply,62,8.600615,-0.8831341,-1.134262,0.29227847,0.16535766,0.101392366,0.4968734,0.28110805,0.17236702,0.024075383320450783
frame_0214_overlay_go1_uncertainty_clean.ply,73,8.424709,-0.85821795,-1.1319427,0.2951908,0.17254484,0.10808066,0.5018244,0.29332623,0.18373713,0.027045786380767822
frame_0215_overlay_go1_uncertainty_clean.ply,57,8.355109,-0.8129149,-1.1523122,0.2562409,0.17390046,0.10648929,0.43560955,0.29563078,0.18103181,0.02331320196390152
frame_0216_overlay_go1_uncertainty_clean.ply,50,8.336536,-0.83813304,-1.1504273,0.24362752,0.14707461,0.1077457,0.41416678,0.25002685,0.1831677,0.018967531621456146
frame_0217_overlay_go1_uncertainty_clean.ply,43,8.302596,-0.8184769,-1.1882426,0.20984803,0.2008231,0.123284765,0.35674167,0.34139928,0.2095841,0.02552553080022335
frame_0218_overlay_go1_uncertainty_clean.ply,78,8.353128,-0.8051934,-1.1517096,0.3011811,0.17099093,0.13568214,0.5120079,0.29068458,0.23065963,0.034329719841480255
frame_0219_overlay_go1_uncertainty_clean.ply,37,8.293161,-0.77156717,-1.155424,0.22380377,0.15925272,0.0940949,0.38046643,0.27072963,0.15996134,0.01647658459842205
frame_0220_overlay_go1_uncertainty_clean.ply,50,8.322416,-0.7674011,-1.1459289,0.34504867,0.15082899,0.11928181,0.5865827,0.2564093,0.20277908,0.030499041080474854
frame_0221_overlay_go1_uncertainty_clean.ply,35,8.461807,-0.7029727,-1.1239859,0.21478836,0.19258426,0.090302795,0.36514023,0.32739326,0.15351476,0.018351837992668152
frame_0222_overlay_go1_uncertainty_clean.ply,70,8.352027,-0.79484916,-1.1526647,0.3787841,0.17460941,0.15771276,0.643933,0.296836,0.2681117,0.05124753713607788
frame_0223_overlay_go1_uncertainty_clean.ply,100,8.404396,-0.2852499,-1.2481244,3.0950005,1.6954457,0.28917998,5.261501,2.8822577,0.49160597,7.455204963684082
frame_0224_overlay_go1_uncertainty_clean.ply,78,8.353452,-0.791157,-1.1603386,0.39625457,0.19090123,0.15765412,0.6736328,0.32453212,0.26801202,0.058591578155756
frame_0225_overlay_go1_uncertainty_clean.ply,33,8.468464,-0.6827608,-1.1193706,0.22423223,0.12219624,0.09010157,0.3811948,0.20773362,0.15317267,0.012129280716180801
frame_0226_overlay_go1_uncertainty_clean.ply,46,8.461942,-0.6911489,-1.1298872,0.25378588,0.19266114,0.09049233,0.431436,0.32752395,0.15383697,0.021738028153777122
frame_0227_overlay_go1_uncertainty_clean.ply,33,8.395652,-0.7106948,-1.1730133,0.25953418,0.17065938,0.09105805,0.44120812,0.29012096,0.1547987,0.019814811646938324
frame_0228_overlay_go1_uncertainty_clean.ply,46,8.22369,-0.9152321,-1.1971924,0.2328216,0.21439566,0.10527136,0.39579672,0.36447263,0.17896132,0.025816434994339943
frame_0229_overlay_go1_uncertainty_clean.ply,102,8.375257,-0.31768143,-1.2588284,2.940652,1.5096279,0.23754998,4.9991083,2.5663676,0.40383497,5.181020736694336
frame_0231_overlay_go1_uncertainty_clean.ply,86,8.421169,-0.45835075,-1.2484471,3.1543424,1.2588409,0.22778861,5.3623824,2.1400297,0.38724065,4.443840980529785
frame_0232_overlay_go1_uncertainty_clean.ply,97,8.470203,-0.20891495,-1.2574762,2.787691,1.6087356,0.24097966,4.739075,2.7348506,0.40966544,5.309535503387451
frame_0233_overlay_go1_uncertainty_clean.ply,82,8.457869,-0.28872567,-1.2324399,3.3725927,1.7399089,0.3118074,5.7334075,2.9578452,0.53007257,8.989253044128418
frame_0234_overlay_go1_uncertainty_clean.ply,122,8.4278755,-0.39484757,-1.2327344,2.9211247,1.5667508,0.2934827,4.9659123,2.6634765,0.4989206,6.599018573760986
frame_0235_overlay_go1_uncertainty_clean.ply,98,8.348268,-0.83932817,-1.1562027,0.40341404,0.18614021,0.13507165,0.6858039,0.31643838,0.22962181,0.04983130097389221
frame_0236_overlay_go1_uncertainty_clean.ply,59,8.314828,-0.8382454,-1.1878893,0.4005777,0.19219756,0.12666936,0.6809821,0.32673585,0.21533792,0.04791296273469925
frame_0237_overlay_go1_uncertainty_clean.ply,88,8.449019,-0.1693395,-1.245803,3.1889422,1.7344842,0.289454,5.4212017,2.9486232,0.49207184,7.865808010101318
frame_0238_overlay_go1_uncertainty_clean.ply,30,8.382374,-0.66605353,-1.1358768,0.22836983,0.1589041,0.0859837,0.3882287,0.27013698,0.1461723,0.015329809859395027
frame_0239_overlay_go1_uncertainty_clean.ply,38,8.282008,-1.0216664,-1.2463255,0.21445604,0.15938856,0.12939017,0.36457527,0.27096057,0.21996328,0.021729188039898872
frame_0240_overlay_go1_uncertainty_clean.ply,72,8.338184,-0.7895185,-1.1760219,0.38733742,0.18385924,0.123932205,0.6584736,0.31256074,0.21068476,0.04336166009306908
frame_0247_overlay_go1_uncertainty_clean.ply,85,8.526493,-0.18959826,-1.2829211,3.2641847,1.8274843,0.32192096,5.549114,3.1067233,0.54726565,9.43462085723877
frame_0248_overlay_go1_uncertainty_clean.ply,103,8.392738,-0.40097684,-1.2763076,2.672738,1.491587,0.29511118,4.543655,2.535698,0.501689,5.780128002166748
frame_0249_overlay_go1_uncertainty_clean.ply,108,8.220483,-0.5162869,-1.2351129,2.6520104,1.7865188,0.35008922,4.508418,3.037082,0.5951517,8.149076461791992
frame_0250_overlay_go1_uncertainty_clean.ply,94,8.370075,-0.473911,-1.2617404,2.8538046,1.7580572,0.3024711,4.851468,2.9886973,0.51420087,7.455691337585449
frame_0251_overlay_go1_uncertainty_clean.ply,101,8.399395,-0.47923887,-1.2513831,2.8688219,1.3093407,0.30610022,4.8769975,2.2258792,0.52037036,5.6489362716674805
frame_0252_overlay_go1_uncertainty_clean.ply,98,8.314162,-0.5351583,-1.2581698,2.8881907,1.492546,0.26930714,4.9099245,2.5373282,0.45782214,5.70358943939209
frame_0253_overlay_go1_uncertainty_clean.ply,102,8.487675,-0.36287832,-1.2112167,3.3846714,1.6764572,0.3902973,5.7539415,2.8499773,0.66350543,10.880562782287598
frame_0254_overlay_go1_uncertainty_clean.ply,74,8.36556,-0.3753416,-1.2681501,3.06482,1.6597656,0.32541022,5.210194,2.8216016,0.5531974,8.13260555267334
frame_0255_overlay_go1_uncertainty_clean.ply,90,8.442716,-0.42272606,-1.2579632,2.9076645,1.7497988,0.27457687,4.94303,2.974658,0.4667807,6.863460540771484
frame_0256_overlay_go1_uncertainty_clean.ply,79,8.441463,-0.48226002,-1.2528988,3.2566264,1.5320342,0.29198498,5.536265,2.604458,0.49637446,7.157208442687988
frame_0257_overlay_go1_uncertainty_clean.ply,88,8.580617,-0.2759312,-1.2701036,2.7860525,2.02287,0.2919446,4.7362895,3.4388793,0.49630582,8.08359432220459
frame_0258_overlay_go1_uncertainty_clean.ply,119,8.257513,-0.45463687,-1.2642709,2.869073,1.7327554,0.27170545,4.8774242,2.9456842,0.46189928,6.636269569396973
frame_0259_overlay_go1_uncertainty_clean.ply,63,8.877541,-0.11962697,-1.2652265,2.6590688,1.6585482,0.31035665,4.520417,2.8195322,0.5276063,6.724586009979248
frame_0261_overlay_go1_uncertainty_clean.ply,56,8.328576,-0.9821669,-1.1853249,0.4027729,0.15965508,0.13752268,0.68471396,0.27141365,0.23378856,0.04344743490219116
frame_0262_overlay_go1_uncertainty_clean.ply,28,8.405581,-1.1462691,-1.233672,0.18701029,0.14052112,0.12231698,0.3179175,0.23888592,0.20793886,0.015792129561305046
frame_0263_overlay_go1_uncertainty_clean.ply,41,8.3803005,-1.0816094,-1.2311068,0.26409608,0.15462549,0.12522191,0.44896334,0.26286334,0.21287724,0.02512292191386223
frame_0264_overlay_go1_uncertainty_clean.ply,90,8.322371,-0.95919335,-1.1834184,0.40023735,0.18929142,0.119759806,0.68040353,0.32179543,0.20359167,0.04457654803991318
frame_0265_overlay_go1_uncertainty_clean.ply,64,8.329308,-1.004166,-1.18153,0.41282904,0.18410687,0.103485875,0.7018094,0.3129817,0.17592598,0.0386427603662014
frame_0266_overlay_go1_uncertainty_clean.ply,126,8.395334,-0.449807,-1.2293162,2.58745,1.5984356,0.29172242,4.398665,2.7173407,0.4959281,5.927665710449219
frame_0268_overlay_go1_uncertainty_clean.ply,91,8.515637,-0.5666854,-1.2529593,2.827105,1.2545725,0.2590232,4.806079,2.1327734,0.44033945,4.513601303100586
frame_0269_overlay_go1_uncertainty_clean.ply,91,8.541546,-0.38104725,-1.2580365,2.6031432,1.8357148,0.22232507,4.4253435,3.1207154,0.37795264,5.219615936279297
frame_0270_overlay_go1_uncertainty_clean.ply,77,8.593075,-0.15689291,-1.2377822,3.2989101,1.8899393,0.297743,5.6081476,3.2128968,0.5061631,9.12024974822998
frame_0271_overlay_go1_uncertainty_clean.ply,102,8.653439,-0.38591856,-1.2313,2.5772994,1.7045554,0.3399089,4.381409,2.8977442,0.57784516,7.336439609527588
frame_0272_overlay_go1_uncertainty_clean.ply,101,8.510527,-0.35043252,-1.2429466,2.883196,1.8685061,0.3223557,4.9014335,3.1764605,0.5480047,8.532000541687012
frame_0273_overlay_go1_uncertainty_clean.ply,89,8.674007,-0.21204357,-1.2648124,2.9289608,2.0591218,0.29727465,4.9792333,3.5005074,0.5053669,8.808465957641602
frame_0274_overlay_go1_uncertainty_clean.ply,112,8.22566,-0.48764926,-1.2143191,3.312777,1.7408341,0.2972966,5.631721,2.959418,0.50540423,8.423378944396973
frame_0275_overlay_go1_uncertainty_clean.ply,129,8.397301,-0.5580886,-1.2345537,2.7706933,1.6408095,0.2964294,4.710179,2.7893763,0.50393,6.620864391326904
frame_0276_overlay_go1_uncertainty_clean.ply,133,8.351494,-0.48669463,-1.2393361,3.0325015,1.6662014,0.2654081,5.1552525,2.8325424,0.45119378,6.5885443687438965
frame_0277_overlay_go1_uncertainty_clean.ply,118,8.510674,-0.41011596,-1.2198344,2.9372115,1.7810252,0.29691017,4.99326,3.0277429,0.5047473,7.630924224853516
frame_0278_overlay_go1_uncertainty_clean.ply,127,8.523342,-0.4637061,-1.2169535,2.6543455,1.6613077,0.30461252,4.5123873,2.824223,0.5178413,6.599362850189209
frame_0279_overlay_go1_uncertainty_clean.ply,76,8.445788,-0.5387326,-1.208257,3.0159812,1.7696811,0.34216726,5.127168,3.008458,0.58168435,8.972405433654785
frame_0280_overlay_go1_uncertainty_clean.ply,81,8.47701,-0.4209753,-1.2298716,2.677485,1.921401,0.24645571,4.5517244,3.2663817,0.41897473,6.229177474975586
frame_0281_overlay_go1_uncertainty_clean.ply,78,8.610713,-0.32025144,-1.2539598,3.368075,2.078221,0.29112628,5.7257276,3.532976,0.49491468,10.011558532714844
frame_0282_overlay_go1_uncertainty_clean.ply,72,8.413502,-0.45761,-1.2530227,3.1406543,1.9792495,0.23352595,5.3391123,3.3647242,0.3969941,7.131856441497803
frame_0283_overlay_go1_uncertainty_clean.ply,82,8.402791,-0.2970595,-1.2261758,3.156083,1.886191,0.30402878,5.3653417,3.2065248,0.5168489,8.891921043395996
frame_0284_overlay_go1_uncertainty_clean.ply,78,8.446269,-0.44353706,-1.2268453,3.2779117,1.5727478,0.28327918,5.57245,2.6736715,0.48157462,7.174932479858398
frame_0285_overlay_go1_uncertainty_clean.ply,81,8.493102,-0.30202925,-1.2188164,3.0299006,1.9496508,0.31761545,5.150831,3.3144064,0.53994626,9.217933654785156
frame_0286_overlay_go1_uncertainty_clean.ply,106,8.544286,-0.29881954,-1.2115257,3.0486755,1.5475165,0.29685286,5.182749,2.630778,0.5046499,6.880730152130127
frame_0287_overlay_go1_uncertainty_clean.ply,110,8.337963,-0.4672117,-1.2099761,3.3908749,1.6011775,0.31342456,5.7644873,2.7220018,0.5328218,8.360477447509766
frame_0288_overlay_go1_uncertainty_clean.ply,107,8.398545,-0.63540965,-1.23308,2.68647,1.6021309,0.2450553,4.566999,2.7236226,0.41659403,5.18192195892334
frame_0289_overlay_go1_uncertainty_clean.ply,75,8.784854,-0.24631079,-1.2262081,2.905126,1.9945195,0.28851524,4.9387145,3.3906832,0.49047592,8.213321685791016
frame_0290_overlay_go1_uncertainty_clean.ply,88,8.381654,-0.617113,-1.2127466,2.9248426,1.7188524,0.24766217,4.9722323,2.922049,0.4210257,6.117127418518066
frame_0291_overlay_go1_uncertainty_clean.ply,91,8.424895,-0.49557462,-1.2283707,3.5696652,1.5444678,0.29985622,6.068431,2.6255953,0.50975555,8.12205982208252
frame_0292_overlay_go1_uncertainty_clean.ply,95,8.658415,-0.25441682,-1.2358948,3.4015126,1.66278,0.27939552,5.782572,2.8267262,0.4749724,7.7637786865234375
frame_0293_overlay_go1_uncertainty_clean.ply,104,8.557354,-0.22650144,-1.2353535,2.9874525,1.9459122,0.31487596,5.0786695,3.3080509,0.53528917,8.993124008178711
frame_0294_overlay_go1_uncertainty_clean.ply,81,8.381884,-0.35935748,-1.2342132,3.51522,1.9309249,0.319987,5.975874,3.2825725,0.5439779,10.670801162719727
frame_0295_overlay_go1_uncertainty_clean.ply,88,8.615046,-0.3624763,-1.233005,2.6379066,1.9589425,0.26815158,4.4844413,3.3302023,0.4558577,6.807823181152344
frame_0296_overlay_go1_uncertainty_clean.ply,95,8.41251,-0.5671308,-1.2268475,2.8069768,1.8454162,0.27684084,4.7718606,3.1372075,0.47062942,7.045471668243408
frame_0297_overlay_go1_uncertainty_clean.ply,78,8.635916,-0.50127584,-1.2340624,2.924573,1.8518834,0.26789016,4.971774,3.148202,0.45541328,7.128196716308594
frame_0298_overlay_go1_uncertainty_clean.ply,113,8.439245,-0.40272632,-1.2266406,2.6792064,1.8269875,0.2876225,4.554651,3.1058788,0.48895827,6.916898250579834
frame_0303_overlay_go1_uncertainty_clean.ply,82,8.6887245,-0.3695964,-1.2264599,2.8173819,1.5559732,0.22736399,4.7895494,2.6451545,0.3865188,4.896844387054443
frame_0304_overlay_go1_uncertainty_clean.ply,80,8.616823,-0.52076584,-1.2176169,2.355565,1.9101123,0.26097986,4.004461,3.247191,0.44366577,5.769096374511719
frame_0305_overlay_go1_uncertainty_clean.ply,95,8.427877,-0.46115646,-1.2144433,3.2430458,1.8855252,0.28773797,5.513178,3.205393,0.48915455,8.644290924072266
frame_0306_overlay_go1_uncertainty_clean.ply,96,8.751992,-0.2314712,-1.2434834,2.636781,1.6783097,0.30682594,4.4825277,2.8531265,0.5216041,6.670909404754639
frame_0308_overlay_go1_uncertainty_clean.ply,38,8.440509,-1.0621991,-1.1085424,0.22466862,0.1600391,0.107831314,0.38193667,0.27206647,0.18331324,0.019048474729061127
frame_0309_overlay_go1_uncertainty_clean.ply,44,8.493826,-1.1139845,-1.139522,0.25432724,0.16491567,0.12822439,0.43235633,0.28035665,0.21798147,0.026422400027513504
frame_0310_overlay_go1_uncertainty_clean.ply,64,8.501479,-0.15064958,-1.2177457,2.9616337,2.0850496,0.29813558,5.034777,3.5445845,0.5068305,9.044995307922363
frame_0313_overlay_go1_uncertainty_clean.ply,63,8.644899,-1.1420448,-1.1466973,0.24902777,0.19191782,0.15737866,0.42334723,0.3262603,0.26754373,0.03695351257920265
frame_0314_overlay_go1_uncertainty_clean.ply,60,8.705422,-1.1603965,-1.1257102,0.28963447,0.17106546,0.122560605,0.4923786,0.2908113,0.20835303,0.02983391471207142
frame_0315_overlay_go1_uncertainty_clean.ply,58,8.818511,-1.1959295,-1.1264875,0.28672335,0.18178667,0.124258846,0.4874297,0.30903736,0.21124004,0.03181992843747139
frame_0316_overlay_go1_uncertainty_clean.ply,60,8.85448,-1.2146277,-1.1208987,0.2389732,0.18290111,0.12386266,0.40625444,0.3109319,0.21056654,0.026598230004310608
frame_0317_overlay_go1_uncertainty_clean.ply,62,8.944544,-1.2411653,-1.1138425,0.30137086,0.17130081,0.1294626,0.5123305,0.2912114,0.22008643,0.03283612057566643
frame_0318_overlay_go1_uncertainty_clean.ply,57,9.065403,-1.2690911,-1.0916487,0.31952775,0.14814115,0.13316005,0.54319715,0.25183997,0.2263721,0.03096741996705532
frame_0319_overlay_go1_uncertainty_clean.ply,45,9.068883,-1.2283268,-1.0712484,0.22310156,0.14110664,0.104617506,0.37927267,0.23988129,0.17784977,0.016180846840143204
frame_0320_overlay_go1_uncertainty_clean.ply,43,9.134251,-1.2494541,-1.0772606,0.22636855,0.16520955,0.11332394,0.38482654,0.28085625,0.1926507,0.020821869373321533
frame_0321_overlay_go1_uncertainty_clean.ply,53,9.226966,-1.284824,-1.0846361,0.25024092,0.18354835,0.120369084,0.4254096,0.3120322,0.20462745,0.027162551879882812
frame_0322_overlay_go1_uncertainty_clean.ply,54,9.298972,-1.2905443,-1.0833384,0.26565135,0.17221221,0.13302796,0.4516073,0.29276076,0.22614753,0.02989961951971054
frame_0323_overlay_go1_uncertainty_clean.ply,61,9.532256,-1.3550928,-1.0835757,0.2880873,0.17638654,0.13485004,0.48974845,0.2998571,0.22924508,0.03366568312048912
frame_0324_overlay_go1_uncertainty_clean.ply,56,9.573148,-1.3573711,-1.0718392,0.29182723,0.151774,0.13642806,0.4961063,0.2580158,0.23192771,0.029687505215406418
frame_0325_overlay_go1_uncertainty_clean.ply,45,9.651372,-1.3673337,-1.0434922,0.23346442,0.16882344,0.11345737,0.39688954,0.28699985,0.19287753,0.021970147266983986
frame_0326_overlay_go1_uncertainty_clean.ply,52,9.7160425,-1.3739499,-1.0662317,0.21388055,0.17788218,0.1523532,0.36359695,0.30239972,0.25900045,0.028477517887949944
frame_0327_overlay_go1_uncertainty_clean.ply,52,9.778611,-1.3833913,-1.0591857,0.2118246,0.1803556,0.15078993,0.36010182,0.3066045,0.2563429,0.028302522376179695
frame_0329_overlay_go1_uncertainty_clean.ply,38,9.819049,-1.3648157,-1.0451639,0.21133246,0.17942291,0.11573817,0.35926518,0.30501896,0.19675489,0.021560929715633392
frame_0330_overlay_go1_uncertainty_clean.ply,38,9.863511,-1.4038445,-1.0281211,0.22135247,0.15264712,0.12297995,0.3762992,0.25950012,0.20906591,0.02041522040963173
frame_0333_overlay_go1_uncertainty_clean.ply,41,9.953804,-1.4629413,-1.0268734,0.20158978,0.15607563,0.11902861,0.34270263,0.2653286,0.20234865,0.018399320542812347
frame_0339_overlay_go1_uncertainty_clean.ply,40,10.129687,-1.4908612,-1.0255952,0.2091638,0.17509356,0.13427679,0.35557848,0.29765907,0.22827056,0.024160420522093773
frame_0340_overlay_go1_uncertainty_clean.ply,36,10.167887,-1.4996896,-1.0441667,0.1885307,0.1776516,0.14485101,0.3205022,0.30200773,0.24624673,0.023835239931941032
frame_0342_overlay_go1_uncertainty_clean.ply,43,10.266407,-1.5362751,-1.0324132,0.20064984,0.19028766,0.11145399,0.34110475,0.32348904,0.18947178,0.020907007157802582
frame_0346_overlay_go1_uncertainty_clean.ply,38,10.502585,-1.5965061,-0.9988807,0.20896305,0.16540316,0.10712513,0.3552372,0.2811854,0.18211274,0.018190786242485046
frame_0347_overlay_go1_uncertainty_clean.ply,37,10.562242,-1.6083834,-1.0109252,0.20259012,0.18689427,0.1283287,0.3444032,0.31772026,0.2181588,0.023871781304478645
frame_0352_overlay_go1_uncertainty_clean.ply,30,10.782839,-1.6508087,-0.9821185,0.21133342,0.1652313,0.1129358,0.35926682,0.28089324,0.19199085,0.019374875351786613
frame_0356_overlay_go1_uncertainty_clean.ply,32,10.941161,-1.6932957,-0.96183306,0.20483842,0.14726056,0.12497635,0.34822533,0.25034297,0.2124598,0.018521346151828766
frame_0360_overlay_go1_uncertainty_clean.ply,96,9.659896,-0.58584714,-1.1526587,3.9316046,2.2856245,0.3350156,6.683728,3.8855617,0.56952655,14.79062557220459
frame_0364_overlay_go1_uncertainty_clean.ply,86,9.887203,-0.67099756,-1.1466994,3.7080896,2.331863,0.30321136,6.3037524,3.964167,0.5154593,12.880878448486328
frame_0369_overlay_go1_uncertainty_clean.ply,83,9.736597,-0.8619719,-1.1397028,4.2567377,2.3552966,0.3001677,7.2364545,4.0040045,0.51028514,14.785408020019531
frame_0370_overlay_go1_uncertainty_clean.ply,62,9.321662,-0.44854805,-1.1916339,3.94149,2.5950923,0.31443542,6.700533,4.411657,0.53454024,15.801250457763672
frame_0371_overlay_go1_uncertainty_clean.ply,85,9.510934,-0.5076602,-1.1692511,3.9214916,2.520098,0.32976195,6.666536,4.284167,0.56059533,16.01091194152832
frame_0372_overlay_go1_uncertainty_clean.ply,67,9.206939,-0.34466368,-1.1825876,4.080381,2.5001535,0.35294917,6.936648,4.2502613,0.6000136,17.68994140625
frame_0373_overlay_go1_uncertainty_clean.ply,81,9.335334,-0.79576695,-1.1400696,4.4238725,2.4167736,0.2928305,7.5205836,4.1085153,0.49781185,15.38160514831543
frame_0377_overlay_go1_uncertainty_clean.ply,65,9.625551,-0.76349765,-1.1444324,3.8256006,2.1520712,0.35129294,6.5035214,3.6585212,0.597198,14.209293365478516
frame_0382_overlay_go1_uncertainty_clean.ply,32,10.673737,-1.6686155,-0.96775293,0.21558675,0.14541647,0.101543665,0.3664975,0.247208,0.17262423,0.01563994586467743
frame_0383_overlay_go1_uncertainty_clean.ply,36,10.656726,-1.6808133,-0.9797032,0.2134549,0.16739218,0.11781139,0.36287335,0.2845667,0.20027937,0.02068118192255497
frame_0384_overlay_go1_uncertainty_clean.ply,86,9.289609,-0.801298,-1.1592895,4.235126,2.25093,0.2879549,7.1997147,3.8265812,0.48952335,13.486512184143066
frame_0385_overlay_go1_uncertainty_clean.ply,37,10.639109,-1.696564,-1.0004275,0.24047154,0.1586741,0.120501086,0.40880165,0.26974598,0.20485185,0.0225895456969738
frame_0388_overlay_go1_uncertainty_clean.ply,84,9.376863,-0.4414737,-1.172049,3.5206118,2.4480658,0.36368647,5.98504,4.1617117,0.618267,15.399802207946777
frame_0390_overlay_go1_uncertainty_clean.ply,101,9.2681265,-0.39163038,-1.1967962,3.1955736,2.5107706,0.29511157,5.432475,4.26831,0.5016897,11.632923126220703
frame_0393_overlay_go1_uncertainty_clean.ply,30,10.541377,-1.7894038,-0.98414713,0.21113141,0.15182333,0.108377874,0.3589234,0.25809968,0.1842424,0.01706784963607788
frame_0400_overlay_go1_uncertainty_clean.ply,98,9.312253,-0.71467674,-1.1899228,3.4973085,2.4297078,0.29390052,5.9454246,4.130503,0.4996309,12.269732475280762
frame_0401_overlay_go1_uncertainty_clean.ply,78,9.024107,-0.5325583,-1.1997819,3.7623622,2.5382373,0.28429618,6.396016,4.3150034,0.48330352,13.33861255645752
frame_0402_overlay_go1_uncertainty_clean.ply,80,9.079131,-0.6180434,-1.1990616,3.6268125,2.519673,0.30345953,6.165581,4.2834444,0.5158812,13.624382972717285
frame_0403_overlay_go1_uncertainty_clean.ply,69,8.96728,-0.19407357,-1.1984367,3.7485275,2.5745096,0.34361598,6.372497,4.3766665,0.58414716,16.292036056518555
frame_0404_overlay_go1_uncertainty_clean.ply,69,8.92291,-0.38194057,-1.2138325,3.8160415,2.3097916,0.31225386,6.487271,3.9266458,0.5308316,13.521986961364746
frame_0405_overlay_go1_uncertainty_clean.ply,71,9.329393,-0.46084407,-1.1839496,3.0532925,2.4188488,0.33885232,5.1905975,4.112043,0.576049,12.295166015625
frame_0406_overlay_go1_uncertainty_clean.ply,64,8.974309,-0.29936534,-1.2159233,3.5024118,2.4482431,0.32752746,5.9541,4.1620135,0.5567967,13.798005104064941
frame_0407_overlay_go1_uncertainty_clean.ply,80,9.361523,-0.28786469,-1.2013749,3.3763194,2.482596,0.33785823,5.739743,4.220413,0.574359,13.913323402404785
frame_0408_overlay_go1_uncertainty_clean.ply,78,9.099269,-0.7597051,-1.1495582,3.7422366,2.3020327,0.33920547,6.3618026,3.9134557,0.5766493,14.356626510620117
frame_0414_overlay_go1_uncertainty_clean.ply,45,10.142251,-1.6202701,-1.0281672,0.21002358,0.18366772,0.121374704,0.3570401,0.31223512,0.206337,0.023002544417977333
frame_0415_overlay_go1_uncertainty_clean.ply,41,10.105435,-1.5693144,-1.0327303,0.19096753,0.17149906,0.13163704,0.3246448,0.2915484,0.22378297,0.021180985495448112
frame_0416_overlay_go1_uncertainty_clean.ply,43,10.091141,-1.5781653,-1.0407692,0.20224166,0.16811973,0.16015986,0.34381083,0.28580356,0.27227175,0.026754062622785568
frame_0418_overlay_go1_uncertainty_clean.ply,42,10.0781975,-1.5539491,-1.0331727,0.19826293,0.16996162,0.1541617,0.33704698,0.28893477,0.26207492,0.025522058829665184
frame_0419_overlay_go1_uncertainty_clean.ply,29,10.061332,-1.505407,-1.0098257,0.19993061,0.14764126,0.07977068,0.33988205,0.25099015,0.13561015,0.011568501591682434
frame_0425_overlay_go1_uncertainty_clean.ply,45,9.800111,-1.5296919,-1.0614649,0.19105402,0.18598722,0.15999204,0.32479185,0.3161783,0.27198648,0.02793087251484394
frame_0426_overlay_go1_uncertainty_clean.ply,41,9.729484,-1.5266366,-1.034054,0.20143336,0.14884156,0.11627078,0.34243673,0.25303066,0.19766033,0.017126671969890594
frame_0430_overlay_go1_uncertainty_clean.ply,40,9.461472,-1.4709873,-1.0463555,0.20380427,0.14152691,0.1078825,0.34646726,0.24059574,0.18340026,0.015287979505956173
frame_0431_overlay_go1_uncertainty_clean.ply,46,9.314202,-1.4632382,-1.0974486,0.20353529,0.17779742,0.12926935,0.34601,0.30225563,0.2197579,0.022983044385910034
frame_0432_overlay_go1_uncertainty_clean.ply,60,9.185857,-1.4409157,-1.0952778,0.2693151,0.16538918,0.12702215,0.45783567,0.2811616,0.21593766,0.027796750888228416
frame_0433_overlay_go1_uncertainty_clean.ply,60,9.119354,-1.4235575,-1.0931106,0.25302258,0.17718115,0.13104883,0.4301384,0.30120796,0.22278301,0.028864014893770218
frame_0435_overlay_go1_uncertainty_clean.ply,65,9.058411,-1.3988516,-1.097601,0.2108588,0.18341967,0.16373229,0.35845998,0.31181344,0.2783449,0.031111344695091248
frame_0436_overlay_go1_uncertainty_clean.ply,58,9.019584,-1.4110997,-1.0922266,0.23362094,0.18384661,0.14194687,0.3971556,0.31253925,0.24130969,0.02995297871530056
frame_0437_overlay_go1_uncertainty_clean.ply,63,8.99606,-1.3919525,-1.0974847,0.22615977,0.19307941,0.15594104,0.38447163,0.328235,0.26509976,0.03345480561256409
frame_0438_overlay_go1_uncertainty_clean.ply,51,8.977607,-1.3978268,-1.0923153,0.23525639,0.19593358,0.11335084,0.39993587,0.3330871,0.19269644,0.0256697628647089
frame_0439_overlay_go1_uncertainty_clean.ply,58,8.970869,-1.3810335,-1.0980461,0.2365028,0.17605995,0.13298535,0.40205476,0.29930192,0.22607511,0.02720492146909237
frame_0440_overlay_go1_uncertainty_clean.ply,37,8.935386,-1.3049603,-1.0673714,0.20265408,0.15307352,0.098158866,0.34451196,0.260225,0.16687007,0.01496000587940216
frame_0441_overlay_go1_uncertainty_clean.ply,43,9.012404,-1.3302603,-1.0830499,0.25143987,0.16750309,0.12566043,0.4274478,0.28475526,0.21362275,0.026001736521720886
frame_0442_overlay_go1_uncertainty_clean.ply,43,9.007767,-1.3326188,-1.1146185,0.25987336,0.16052543,0.12727237,0.44178474,0.27289322,0.21636303,0.026084739714860916
frame_0443_overlay_go1_uncertainty_clean.ply,42,9.039983,-1.3132788,-1.0954821,0.25860742,0.19597907,0.116693124,0.43963262,0.33316442,0.19837831,0.02905646152794361
frame_0444_overlay_go1_uncertainty_clean.ply,73,8.825243,-0.45032507,-1.2114697,2.750573,2.089512,0.32978705,4.675974,3.5521708,0.560638,9.312117576599121
frame_0445_overlay_go1_uncertainty_clean.ply,26,9.067235,-1.3175406,-1.0525916,0.19546293,0.17123209,0.103060484,0.33228698,0.29109457,0.17520283,0.016946833580732346
frame_0447_overlay_go1_uncertainty_clean.ply,38,8.997454,-1.2178133,-1.0682514,0.2048071,0.1622518,0.12593305,0.3481721,0.27582806,0.21408619,0.020559903234243393
frame_0448_overlay_go1_uncertainty_clean.ply,50,9.01893,-1.188732,-1.0849369,0.21088366,0.18040122,0.14102253,0.35850224,0.30668208,0.23973832,0.02635831944644451
frame_0449_overlay_go1_uncertainty_clean.ply,56,9.033941,-1.1338369,-1.0878297,0.2312066,0.17977625,0.16153598,0.39305124,0.30561963,0.27461118,0.03298744186758995
frame_0450_overlay_go1_uncertainty_clean.ply,44,9.017113,-1.0768393,-1.0661461,0.21319379,0.14126422,0.13538444,0.36242944,0.24014917,0.23015356,0.02003190480172634
frame_0451_overlay_go1_uncertainty_clean.ply,44,8.993805,-1.370037,-1.0999097,0.23168176,0.1863901,0.12070875,0.393859,0.31686318,0.20520487,0.025609448552131653
frame_0452_overlay_go1_uncertainty_clean.ply,51,9.043326,-1.0490593,-1.0842738,0.22775216,0.18733992,0.12668425,0.3871787,0.31847787,0.21536323,0.026555975899100304
frame_0453_overlay_go1_uncertainty_clean.ply,48,9.045174,-0.93035644,-1.0815117,0.20179845,0.1810631,0.122004695,0.3430574,0.30780727,0.20740798,0.021901361644268036
frame_0454_overlay_go1_uncertainty_clean.ply,49,9.03868,-0.91420907,-1.0886068,0.20509784,0.18557651,0.15936984,0.34866634,0.31548008,0.27092874,0.029801426455378532
frame_0456_overlay_go1_uncertainty_clean.ply,63,9.0684595,-0.90644306,-1.0910435,0.24750498,0.1967747,0.13814496,0.4207585,0.334517,0.23484643,0.033054839819669724
frame_0457_overlay_go1_uncertainty_clean.ply,51,9.060985,-0.85779244,-1.0775896,0.20913106,0.17683385,0.13052276,0.3555228,0.30061755,0.22188869,0.023714663460850716
frame_0458_overlay_go1_uncertainty_clean.ply,101,8.527824,-0.2726506,-1.1920944,3.2318277,2.2599854,0.32606137,5.4941072,3.8419755,0.55430436,11.7003812789917
frame_0459_overlay_go1_uncertainty_clean.ply,99,8.6652,-0.47226125,-1.2000847,3.1834092,1.5032258,0.2697912,5.4117956,2.555484,0.45864502,6.342949390411377
frame_0460_overlay_go1_uncertainty_clean.ply,91,8.744666,-0.33057567,-1.1973928,2.9571805,1.8854756,0.33562398,5.027207,3.2053087,0.57056075,9.193873405456543
frame_0461_overlay_go1_uncertainty_clean.ply,67,8.811855,-0.45270085,-1.2233369,3.13518,1.8650676,0.29417032,5.3298063,3.170615,0.5000896,8.450895309448242
frame_0462_overlay_go1_uncertainty_clean.ply,68,8.708388,-0.27922642,-1.2348521,3.2934024,1.8874521,0.3271491,5.5987844,3.2086687,0.5561535,9.991100311279297
frame_0463_overlay_go1_uncertainty_clean.ply,39,9.070338,-0.88483006,-1.0691079,0.19027229,0.16132762,0.13941535,0.3234629,0.27425694,0.23700611,0.021025273948907852
frame_0464_overlay_go1_uncertainty_clean.ply,87,8.786089,-0.37765208,-1.2325724,3.1975882,1.6031461,0.21806696,5.4359,2.7253485,0.37071383,5.492022514343262
frame_0465_overlay_go1_uncertainty_clean.ply,71,8.824593,-0.3873491,-1.2306601,3.0564513,1.7988025,0.2520637,5.195967,3.0579643,0.42850828,6.808603286743164
frame_0466_overlay_go1_uncertainty_clean.ply,112,8.55948,-0.42845538,-1.1964976,3.4807258,1.6932601,0.27978453,5.917234,2.8785422,0.4756337,8.101471900939941
frame_0468_overlay_go1_uncertainty_clean.ply,52,9.065869,-1.0113063,-1.0950744,0.24989636,0.20099407,0.11695866,0.42482382,0.34168994,0.19882973,0.02886172942817211
frame_0469_overlay_go1_uncertainty_clean.ply,50,9.036056,-1.0482602,-1.1001874,0.23066483,0.18721066,0.115202926,0.39213023,0.31825814,0.19584498,0.0244411863386631
frame_0470_overlay_go1_uncertainty_clean.ply,58,9.066961,-1.1146989,-1.1038783,0.25427097,0.1977632,0.11248056,0.43226066,0.33619747,0.19121696,0.027788594365119934
frame_0471_overlay_go1_uncertainty_clean.ply,57,9.056324,-1.1629872,-1.0977262,0.2487204,0.19072272,0.12292854,0.42282468,0.32422864,0.20897852,0.028649257495999336
frame_0472_overlay_go1_uncertainty_clean.ply,64,9.026602,-1.2898319,-1.1059129,0.28268814,0.17641239,0.11211474,0.48056984,0.29990107,0.19059506,0.02746920846402645
frame_0473_overlay_go1_uncertainty_clean.ply,60,9.009461,-1.3125176,-1.0964501,0.24904013,0.17488277,0.15199475,0.42336822,0.29730073,0.25839108,0.03252308443188667
frame_0474_overlay_go1_uncertainty_clean.ply,61,9.015624,-1.3646249,-1.0927392,0.28223634,0.17387412,0.12360572,0.47980177,0.29558602,0.21012974,0.02980116568505764
frame_0475_overlay_go1_uncertainty_clean.ply,59,8.9924555,-1.4243091,-1.0963395,0.23708315,0.1745853,0.14196955,0.40304136,0.296795,0.24134824,0.02887023612856865
frame_0476_overlay_go1_uncertainty_clean.ply,58,8.987406,-1.45144,-1.0920062,0.23768196,0.18048097,0.124005474,0.40405932,0.30681765,0.2108093,0.026134563609957695
frame_0477_overlay_go1_uncertainty_clean.ply,47,8.985584,-1.4809328,-1.0977132,0.23876113,0.17420828,0.104848556,0.40589392,0.29615408,0.17824255,0.02142602764070034
frame_0478_overlay_go1_uncertainty_clean.ply,42,8.9839115,-1.4863949,-1.0770338,0.21743248,0.19785427,0.093315825,0.36963522,0.33635226,0.15863691,0.01972295343875885
frame_0479_overlay_go1_uncertainty_clean.ply,44,9.008274,-1.5004035,-1.0884751,0.23308097,0.18470144,0.11024562,0.39623767,0.31399247,0.18741757,0.023317677900195122
frame_0480_overlay_go1_uncertainty_clean.ply,73,9.04391,-0.23101318,-1.2472997,2.5152752,2.4030561,0.30179304,4.275968,4.0851955,0.5130482,8.962010383605957
frame_0481_overlay_go1_uncertainty_clean.ply,99,8.433115,-0.541368,-1.2022704,3.4863222,2.0522661,0.28385082,5.926748,3.4888525,0.48254642,9.977877616882324
frame_0482_overlay_go1_uncertainty_clean.ply,69,8.925562,-0.46441036,-1.173714,3.119358,2.3908758,0.3908259,5.302909,4.064489,0.66440403,14.320307731628418
frame_0483_overlay_go1_uncertainty_clean.ply,86,8.558177,-0.4823702,-1.2085538,3.258113,2.1466491,0.2865536,5.538792,3.6493037,0.48714113,9.846454620361328
frame_0484_overlay_go1_uncertainty_clean.ply,99,8.563726,-0.60437256,-1.2118279,3.214175,2.0435226,0.28094447,5.4640975,3.4739885,0.4776056,9.066011428833008
frame_0485_overlay_go1_uncertainty_clean.ply,33,9.06923,-1.3862958,-1.117973,0.22906077,0.1945493,0.12457145,0.3894033,0.33073384,0.21177147,0.02727380581200123
frame_0486_overlay_go1_uncertainty_clean.ply,46,9.043893,-1.3146701,-1.0643588,0.20799795,0.15181142,0.13433914,0.3535965,0.2580794,0.22837654,0.020840724930167198
frame_0487_overlay_go1_uncertainty_clean.ply,50,9.080659,-1.2741003,-1.0837021,0.24436168,0.16881658,0.1478268,0.41541487,0.2869882,0.25130558,0.02996044047176838
frame_0488_overlay_go1_uncertainty_clean.ply,81,8.283296,-0.78499806,-1.1855651,3.3912714,2.125096,0.25416452,5.7651615,3.6126635,0.4320797,8.999178886413574
frame_0489_overlay_go1_uncertainty_clean.ply,58,9.071102,-1.1855028,-1.094248,0.21803564,0.18337409,0.15196411,0.3706606,0.31173596,0.258339,0.029850615188479424
frame_0490_overlay_go1_uncertainty_clean.ply,47,9.064005,-1.1354787,-1.0762647,0.2025495,0.18453744,0.13994102,0.34433416,0.31371367,0.23789975,0.02569848671555519
frame_0491_overlay_go1_uncertainty_clean.ply,45,9.076833,-1.0830294,-1.0738782,0.20360978,0.18065308,0.117595315,0.34613663,0.30711025,0.19991204,0.021251071244478226
frame_0492_overlay_go1_uncertainty_clean.ply,39,9.074754,-1.0324012,-1.0614163,0.20718674,0.1528012,0.10830103,0.35221747,0.25976205,0.18411176,0.016844887286424637
frame_0493_overlay_go1_uncertainty_clean.ply,59,9.097913,-1.0568142,-1.0953262,0.22485475,0.18612364,0.13384674,0.38225308,0.31641018,0.22753948,0.027520619332790375
frame_0494_overlay_go1_uncertainty_clean.ply,40,9.093398,-0.97687596,-1.0558733,0.20272812,0.15129556,0.11239257,0.3446378,0.25720245,0.19106737,0.0169365331530571
frame_0495_overlay_go1_uncertainty_clean.ply,54,9.132891,-1.0182124,-1.0880044,0.270213,0.19040044,0.115061,0.45936212,0.32368076,0.1956037,0.02908366359770298
frame_0498_overlay_go1_uncertainty_clean.ply,37,9.102414,-0.90331227,-1.0507666,0.2111304,0.14693704,0.11132462,0.35892168,0.24979298,0.18925187,0.016967587172985077
frame_0500_overlay_go1_uncertainty_clean.ply,39,9.163071,-0.9448242,-1.0685754,0.2743573,0.15240248,0.11292851,0.46640742,0.25908422,0.19197847,0.0231984481215477
frame_0501_overlay_go1_uncertainty_clean.ply,104,8.749504,-0.2546054,-1.2310107,2.9646728,1.9362653,0.26582113,5.0399437,3.2916512,0.45189592,7.4968342781066895
frame_0502_overlay_go1_uncertainty_clean.ply,51,9.157265,-0.11864111,-1.2146934,2.7296507,1.930019,0.35694936,4.6404066,3.2810323,0.6068139,9.238938331604004
frame_0503_overlay_go1_uncertainty_clean.ply,58,9.155935,-0.18905641,-1.2061784,3.0716689,1.7798682,0.3501012,5.221837,3.0257761,0.59517205,9.403783798217773
frame_0505_overlay_go1_uncertainty_clean.ply,85,8.576983,-0.40670466,-1.2450635,3.359055,1.9398092,0.29469216,5.710394,3.2976758,0.5009767,9.433905601501465
frame_0506_overlay_go1_uncertainty_clean.ply,85,8.830269,-0.17049679,-1.2254257,2.9228702,2.1325388,0.26996657,4.968879,3.6253161,0.4589432,8.267291069030762
frame_0507_overlay_go1_uncertainty_clean.ply,55,9.044205,-1.0419878,-1.1127468,0.24115099,0.17597856,0.1403537,0.4099567,0.29916355,0.23860128,0.02926303818821907
frame_0508_overlay_go1_uncertainty_clean.ply,52,9.025038,-1.0716993,-1.0848361,0.22086729,0.19002989,0.1019001,0.3754744,0.32305083,0.17323017,0.021012354642152786
frame_0509_overlay_go1_uncertainty_clean.ply,56,9.054007,-1.1313257,-1.1035005,0.2816648,0.19246039,0.10697778,0.47883016,0.32718268,0.18186224,0.028491435572504997
frame_0510_overlay_go1_uncertainty_clean.ply,95,8.732636,-0.38862795,-1.1795676,2.9394233,1.8813133,0.29291487,4.99702,3.1982327,0.4979553,7.958138465881348
frame_0511_overlay_go1_uncertainty_clean.ply,60,9.01714,-1.1314094,-1.0980799,0.2357448,0.1944281,0.13512981,0.40076616,0.33052778,0.22972068,0.03042980097234249
frame_0512_overlay_go1_uncertainty_clean.ply,57,9.026593,-1.1617517,-1.105146,0.25215703,0.20392032,0.14277227,0.42866698,0.34666455,0.24271287,0.03606801852583885
frame_0513_overlay_go1_uncertainty_clean.ply,42,8.99595,-1.1743902,-1.065116,0.22269295,0.15882057,0.112244256,0.37857804,0.26999497,0.19081524,0.019504019990563393
frame_0514_overlay_go1_uncertainty_clean.ply,49,9.013009,-1.2172242,-1.0851105,0.23292884,0.20425688,0.11528769,0.39597905,0.3472367,0.19598909,0.026948196813464165
frame_0515_overlay_go1_uncertainty_clean.ply,55,9.030025,-1.2446077,-1.0915022,0.25259846,0.19377626,0.100796916,0.4294174,0.32941967,0.17135476,0.024239594116806984
frame_0516_overlay_go1_uncertainty_clean.ply,40,9.042044,-1.2546607,-1.1007555,0.25989288,0.18537432,0.10995386,0.4418179,0.31513634,0.18692157,0.026025626808404922
frame_0517_overlay_go1_uncertainty_clean.ply,97,8.841663,-0.55117613,-1.1917472,2.4069989,1.954429,0.2885616,4.091898,3.3225296,0.49055475,6.669313907623291
frame_0518_overlay_go1_uncertainty_clean.ply,113,8.750854,-0.47006586,-1.2234184,2.893018,2.0051763,0.28987813,4.918131,3.4088,0.49279284,8.26163387298584
frame_0519_overlay_go1_uncertainty_clean.ply,91,8.721852,-0.45121437,-1.2018583,3.0744994,2.1549776,0.31216836,5.2266493,3.663462,0.5306862,10.161383628845215
frame_0520_overlay_go1_uncertainty_clean.ply,79,8.619451,-0.2491682,-1.2375793,3.1502097,1.9483223,0.29264048,5.3553567,3.312148,0.49748883,8.824324607849121
frame_0521_overlay_go1_uncertainty_clean.ply,95,8.628491,-0.27991673,-1.2188364,3.3648093,2.172426,0.35216734,5.7201757,3.6931243,0.5986845,12.647401809692383
frame_0522_overlay_go1_uncertainty_clean.ply,95,8.604601,-0.30669782,-1.2103772,3.474283,1.8181473,0.30247962,5.906281,3.0908506,0.51421535,9.387223243713379
frame_0523_overlay_go1_uncertainty_clean.ply,59,8.790999,-0.5509689,-1.1877593,2.9450455,2.089094,0.28470954,5.0065775,3.5514598,0.48400623,8.605949401855469
frame_0524_overlay_go1_uncertainty_clean.ply,74,8.512486,-0.35900044,-1.1829977,3.7302442,1.8995209,0.37169313,6.3414154,3.2291856,0.6318783,12.939355850219727
frame_0525_overlay_go1_uncertainty_clean.ply,79,8.937532,-0.06888856,-1.2580308,2.9700563,2.2098198,0.2507369,5.0490956,3.7566938,0.42625272,8.085122108459473
frame_0526_overlay_go1_uncertainty_clean.ply,98,8.546196,-0.19806595,-1.233121,3.5950952,2.0316699,0.29482716,6.111662,3.4538388,0.5012062,10.57981014251709
frame_0527_overlay_go1_uncertainty_clean.ply,53,9.027465,-0.068971,-1.2351185,2.8258798,1.9130162,0.34762076,4.8039956,3.2521276,0.5909553,9.232617378234863
frame_0528_overlay_go1_uncertainty_clean.ply,69,8.3704815,-0.32552448,-1.1968287,3.703956,2.1397989,0.36009705,6.2967253,3.637658,0.612165,14.021843910217285
frame_0529_overlay_go1_uncertainty_clean.ply,63,8.781412,-0.371256,-1.2265365,3.3498108,2.0893185,0.30181903,5.694679,3.5518415,0.51309234,10.378111839294434
frame_0530_overlay_go1_uncertainty_clean.ply,84,8.666413,-0.33511034,-1.2355108,3.158207,1.9147428,0.27449563,5.368952,3.2550628,0.4666426,8.155174255371094
frame_0531_overlay_go1_uncertainty_clean.ply,111,8.77075,-0.445816,-1.1932967,2.9100096,2.2201505,0.31245616,4.9470167,3.774256,0.5311755,9.917740821838379
frame_0534_overlay_go1_uncertainty_clean.ply,109,8.569822,-0.6490168,-1.1934149,3.0370822,1.8218555,0.29902175,5.1630397,3.0971546,0.50833696,8.128680229187012
frame_0536_overlay_go1_uncertainty_clean.ply,66,8.699404,-0.30166698,-1.2085364,3.543613,2.076093,0.2791499,6.0241423,3.5293581,0.47455484,10.089679718017578
frame_0537_overlay_go1_uncertainty_clean.ply,78,8.8577,-0.115985245,-1.2437139,2.9673913,2.261759,0.2756069,5.044565,3.8449905,0.46853176,9.087784767150879
frame_0538_overlay_go1_uncertainty_clean.ply,99,8.352385,-0.3738624,-1.2038,3.3692875,2.0563583,0.3350129,5.727789,3.4958093,0.56952196,11.403685569763184
frame_0539_overlay_go1_uncertainty_clean.ply,88,8.642348,-0.47083977,-1.2117878,2.7849863,2.3437793,0.28885987,4.7344766,3.984425,0.4910618,9.263471603393555
frame_0540_overlay_go1_uncertainty_clean.ply,92,8.756186,-0.55164397,-1.2086492,2.865272,2.0261059,0.30563727,4.8709626,3.44438,0.51958334,8.71728229522705
frame_0546_overlay_go1_uncertainty_clean.ply,57,8.906229,-1.1587417,-1.1131219,0.20190243,0.19254483,0.15566474,0.34323415,0.32732624,0.26463008,0.029731066897511482
frame_0547_overlay_go1_uncertainty_clean.ply,42,8.887258,-1.132202,-1.0988051,0.19442508,0.1863274,0.13322672,0.33052263,0.31675658,0.22648543,0.02371194027364254
frame_0548_overlay_go1_uncertainty_clean.ply,40,8.855048,-1.1478503,-1.1028683,0.18679051,0.18033588,0.12182825,0.31754386,0.306571,0.20710804,0.020161913707852364
frame_0550_overlay_go1_uncertainty_clean.ply,75,8.4574795,-0.393371,-1.2092577,3.4916222,1.9939654,0.3636087,5.935758,3.3897412,0.6181348,12.437294960021973
frame_0552_overlay_go1_uncertainty_clean.ply,41,8.86784,-1.2564974,-1.1235979,0.24872126,0.18344311,0.10709594,0.42282614,0.3118533,0.1820631,0.024006789550185204
frame_0553_overlay_go1_uncertainty_clean.ply,103,8.850544,-0.43341956,-1.2079808,2.3832667,2.2444265,0.31911066,4.0515532,3.815525,0.54248816,8.386218070983887
frame_0554_overlay_go1_uncertainty_clean.ply,97,8.726558,-0.6116909,-1.2279294,2.9328582,1.7936441,0.274959,4.985859,3.049195,0.46743032,7.106276035308838
frame_0556_overlay_go1_uncertainty_clean.ply,84,8.452166,-0.36968952,-1.1901977,3.3137946,2.2220829,0.34016696,5.633451,3.777541,0.57828385,12.306222915649414
frame_0557_overlay_go1_uncertainty_clean.ply,77,8.754486,-0.31680638,-1.2254478,3.102788,2.1676688,0.31230178,5.2747397,3.6850371,0.53091305,10.319682121276855
frame_0558_overlay_go1_uncertainty_clean.ply,69,8.48957,-0.39751995,-1.2048079,3.760752,1.9710453,0.29011917,6.3932786,3.350777,0.4932026,10.565608024597168
frame_0560_overlay_go1_uncertainty_clean.ply,38,8.8083315,-1.1206568,-1.1011672,0.2247906,0.18995352,0.11133178,0.38214403,0.322921,0.18926404,0.023355625569820404
frame_0562_overlay_go1_uncertainty_clean.ply,45,8.795334,-1.0691745,-1.1215633,0.21799347,0.19305724,0.14081888,0.3705889,0.32819733,0.2393921,0.029116373509168625
frame_0563_overlay_go1_uncertainty_clean.ply,55,8.827814,-1.0641087,-1.1124573,0.25293657,0.18789427,0.13882971,0.4299922,0.31942028,0.2360105,0.03241562470793724
frame_0564_overlay_go1_uncertainty_clean.ply,44,8.813621,-0.97986335,-1.0856977,0.2427103,0.16233143,0.107102156,0.41260752,0.27596346,0.18207367,0.020731745287775993
frame_0565_overlay_go1_uncertainty_clean.ply,47,8.796931,-0.96162736,-1.0884622,0.22467406,0.16786265,0.12342824,0.3819459,0.2853665,0.20982802,0.02287011407315731
frame_0566_overlay_go1_uncertainty_clean.ply,51,8.818278,-0.9152736,-1.1126572,0.219968,0.19196407,0.1251022,0.37394562,0.32633895,0.21267375,0.025953220203518867
frame_0568_overlay_go1_uncertainty_clean.ply,52,8.824156,-0.83937144,-1.1118773,0.21379258,0.18385679,0.14144279,0.3634474,0.31255654,0.24045275,0.027314918115735054
frame_0569_overlay_go1_uncertainty_clean.ply,55,8.841897,-0.8157806,-1.1186652,0.22321045,0.2017017,0.1524893,0.37945777,0.34289292,0.25923184,0.03372953087091446
frame_0570_overlay_go1_uncertainty_clean.ply,58,8.835183,-0.84089553,-1.1282885,0.25675988,0.17200351,0.13255563,0.43649182,0.29240596,0.22534458,0.02876136265695095
frame_0571_overlay_go1_uncertainty_clean.ply,50,8.815763,-0.8082665,-1.099278,0.20424607,0.17746316,0.12983161,0.34721833,0.3016874,0.22071375,0.023120073601603508
frame_0572_overlay_go1_uncertainty_clean.ply,90,8.636483,-0.22416924,-1.2096826,3.077275,1.7567112,0.31297243,5.2313676,2.9864092,0.5320531,8.312268257141113
frame_0573_overlay_go1_uncertainty_clean.ply,74,8.625509,-0.16348776,-1.2080909,3.385902,1.8310844,0.3174787,5.7560334,3.1128435,0.5397138,9.670392990112305
frame_0574_overlay_go1_uncertainty_clean.ply,93,8.721808,-0.1842127,-1.2266275,3.0572255,1.5815477,0.31485885,5.1972833,2.6886313,0.5352601,7.479498863220215
frame_0577_overlay_go1_uncertainty_clean.ply,53,8.970968,-0.8664132,-1.111491,0.23013373,0.17312041,0.15091409,0.39122733,0.2943047,0.25655395,0.02953963354229927
frame_0578_overlay_go1_uncertainty_clean.ply,54,9.039537,-0.86881137,-1.1292971,0.25905982,0.1847598,0.15794054,0.4404017,0.31409165,0.26849893,0.03714051470160484
frame_0579_overlay_go1_uncertainty_clean.ply,60,9.090762,-0.88366014,-1.0922114,0.278407,0.17072201,0.12428227,0.47329193,0.2902274,0.21127987,0.029021885246038437
frame_0580_overlay_go1_uncertainty_clean.ply,60,9.121081,-0.8670178,-1.118061,0.20850424,0.1938831,0.16270506,0.35445723,0.3296013,0.2765986,0.03231489285826683
frame_0581_overlay_go1_uncertainty_clean.ply,52,9.179082,-0.89647377,-1.108176,0.22849804,0.1721354,0.12547019,0.3884467,0.2926302,0.21329933,0.02424599789083004
frame_0582_overlay_go1_uncertainty_clean.ply,52,9.248511,-0.9061811,-1.0877599,0.20520614,0.16690147,0.12265344,0.34885046,0.2837325,0.20851085,0.020638447254896164
frame_0583_overlay_go1_uncertainty_clean.ply,48,9.315071,-0.89828587,-1.0861332,0.22670329,0.16647185,0.14046416,0.3853956,0.28300217,0.23878907,0.026044195517897606
frame_0584_overlay_go1_uncertainty_clean.ply,51,9.372131,-0.9044922,-1.0991619,0.20106035,0.18428485,0.1619925,0.34180263,0.31328425,0.27538726,0.02948884665966034
frame_0585_overlay_go1_uncertainty_clean.ply,48,9.577072,-0.9311997,-1.0552214,0.20728862,0.15416315,0.1509808,0.35239068,0.26207736,0.25666738,0.02370416186749935
frame_0586_overlay_go1_uncertainty_clean.ply,53,9.673917,-0.9482135,-1.074034,0.2513746,0.1803243,0.15265092,0.42733684,0.3065513,0.25950658,0.03399553522467613
frame_0587_overlay_go1_uncertainty_clean.ply,52,9.749712,-0.9577397,-1.0522012,0.24881576,0.16030931,0.1438222,0.4229868,0.27252585,0.24449773,0.0281844362616539
frame_0588_overlay_go1_uncertainty_clean.ply,46,9.799725,-0.9352558,-1.0402154,0.20058207,0.16019824,0.14284505,0.34098953,0.27233702,0.2428366,0.0225507952272892
frame_0590_overlay_go1_uncertainty_clean.ply,54,9.888237,-0.94982606,-1.052916,0.19726074,0.18317628,0.17072764,0.33534327,0.31139967,0.290237,0.030308226123452187
frame_0592_overlay_go1_uncertainty_clean.ply,42,10.042051,-0.9604139,-1.0340675,0.20816356,0.1728429,0.13243316,0.35387805,0.29383296,0.22513638,0.02340991422533989
frame_0593_overlay_go1_uncertainty_clean.ply,43,10.13556,-0.99817145,-1.0237526,0.22083604,0.16835342,0.12988465,0.3754213,0.28620082,0.2208039,0.023724470287561417
frame_0594_overlay_go1_uncertainty_clean.ply,47,10.213182,-0.994849,-1.0336994,0.19708264,0.1915753,0.16151704,0.3350405,0.32567802,0.274579,0.02996077761054039
frame_0595_overlay_go1_uncertainty_clean.ply,52,9.518832,-0.93018824,-1.0720474,0.22686233,0.17298834,0.14857903,0.38566595,0.2940802,0.25258437,0.02864729054272175
frame_0598_overlay_go1_uncertainty_clean.ply,43,10.476334,-1.0367672,-1.0160645,0.21795332,0.18631814,0.14539294,0.37052065,0.31674084,0.247168,0.02900739386677742
frame_0599_overlay_go1_uncertainty_clean.ply,34,10.5013685,-1.0462779,-0.984981,0.23677729,0.14240138,0.11327786,0.4025214,0.24208236,0.19257237,0.01876489259302616
frame_0600_overlay_go1_uncertainty_clean.ply,36,10.518915,-1.0314798,-0.9859675,0.20913854,0.1604447,0.12328757,0.35553554,0.272756,0.20958889,0.020324768498539925
frame_0601_overlay_go1_uncertainty_clean.ply,32,10.530426,-1.0546339,-0.9902924,0.21520066,0.15473051,0.112591356,0.36584115,0.26304188,0.19140531,0.018419228494167328
frame_0603_overlay_go1_uncertainty_clean.ply,105,9.398049,-0.5374745,-1.1630158,3.560592,1.9392787,0.30332947,6.0530066,3.296774,0.5156601,10.290201187133789
frame_0604_overlay_go1_uncertainty_clean.ply,104,9.50563,-0.33796307,-1.1901977,3.2796748,2.0579574,0.2741657,5.575447,3.4985278,0.46608168,9.09132194519043
frame_0605_overlay_go1_uncertainty_clean.ply,90,9.31261,-0.4848218,-1.1772022,3.5717657,2.0376558,0.31493372,6.072002,3.464015,0.53538734,11.261073112487793
frame_0606_overlay_go1_uncertainty_clean.ply,92,9.399171,-0.4431406,-1.1764683,3.7190294,1.9771547,0.31544217,6.32235,3.3611631,0.5362517,11.395590782165527
frame_0607_overlay_go1_uncertainty_clean.ply,32,10.592878,-1.0823169,-0.99061,0.19996005,0.16292213,0.11999287,0.3399321,0.2769676,0.20398788,0.019205497577786446
frame_0608_overlay_go1_uncertainty_clean.ply,100,9.422001,-0.53308743,-1.178789,3.7914238,1.8025781,0.3066889,6.4454207,3.0643828,0.5213711,10.297723770141602
frame_0609_overlay_go1_uncertainty_clean.ply,94,9.698896,-0.40366733,-1.1665006,3.3203254,1.8717589,0.30929938,5.644553,3.1819904,0.52580893,9.444008827209473
frame_0613_overlay_go1_uncertainty_clean.ply,32,10.820421,-1.1212869,-0.98689145,0.19481438,0.17935477,0.15781517,0.33118448,0.30490312,0.2682858,0.02709128148853779
frame_0614_overlay_go1_uncertainty_clean.ply,35,10.918407,-1.1575248,-0.9752389,0.20837441,0.15813279,0.12288471,0.3542365,0.26882574,0.20890401,0.01989348791539669
